Keyword,Match Type,Notes
acumera tech support,Negative Exact,
acumera,Negative Exact,
aka prosupport,Negative Exact,
microtech services,Negative Exact,
microtech,Negative Exact,
veesion price,Negative Exact,
veesion,Negative Exact,
channele2e,Negative Exact,
crexendo support,Negative Exact,
crexendo,Negative Exact,
zimcom support,Negative Exact,
zimcom,Negative Exact,
by light professional it,Negative Exact,
by light,Negative Exact,
ait chesterfield mi,Negative Exact,
hfb tech llc,Negative Exact,
hfb tech,Negative Exact,
appnor msp,Negative Exact,
appnor,Negative Exact,
executtech,Negative Exact,
the20msp,Negative Exact,
the20,Negative Exact,
govincorp,Negative Exact,
jdctech,Negative Exact,
vigilant cyber security,Negative Exact,
azcomp help,Negative Exact,
azcomp,Negative Exact,
aaru tech consultancy,Negative Exact,
aaru,Negative Exact,
blackpanda,Negative Exact,
pll protect,Negative Exact,
eapps tech llc,Negative Exact,
eapps,Negative Exact,
loretta technologies,Negative Exact,
loretta,Negative Exact,
thetris,Negative Exact,
infor it,Negative Exact,
affinity it services,Negative Exact,
aperion technologies,Negative Exact,Verify before excluding — has conversions
titanium it,Negative Exact,Human verification recommended
thrivenetworks,Negative Exact,
thrive networks,Negative Exact,
spsglobal,Negative Exact,
sps global,Negative Exact,
ipm support,Negative Exact,
g6 communications,Negative Exact,
g6communications,Negative Exact,
g6 networks,Negative Exact,
g-6 communications,Negative Exact,
cybersecurity,Negative Exact,
cyber security,Negative Exact,
cybersecurity for small businesses,Negative Exact,
cyber security insurance for businesses,Negative Exact,
manage cyber security,Negative Exact,
computer cyber security,Negative Exact,
cyber security cyber security,Negative Exact,
msp cybersecurity,Negative Exact,
cybersecurity consultant,Negative Exact,
cybersecurity michigan,Negative Exact,
cybersecurity experts near me,Negative Exact,
cyber security experts near me,Negative Exact,
cybersecurity services,Negative Exact,
computer security,Negative Exact,
cybersecurity service,Negative Exact,
managed cybersecurity,Negative Exact,
cyber insurance,Negative Exact,
cyber security insurance,Negative Exact,
cybersecurity insurance,Negative Exact,
cyber insurance for business,Negative Exact,
cyber liability insurance,Negative Exact,
help desk,Negative Exact,
helpdesk,Negative Exact,
it help desk,Negative Exact,
tech help,Negative Exact,
tech help desk,Negative Exact,
helpdesk me,Negative Exact,
help desk near me,Negative Exact,
computer help near me,Negative Exact,
it computer help near me,Negative Exact,
help desk support,Negative Exact,
helpdesk software,Negative Exact,
help desk software,Negative Exact,
help desk solutions,Negative Exact,
it services near me,Negative Exact,
it support for small business near me,Negative Exact,
it msp near me,Negative Exact,
managed it service providers near me,Negative Exact,
cybersecurity firms near me,Negative Exact,
it company near me,Negative Exact,
it person near me,Negative Exact,
it near me,Negative Exact,
it consultant near me,Negative Exact,
it support specialist,Negative Exact,
it help desk,Negative Exact,
tech companies in michigan,Negative Exact,
it company,Negative Exact,
it solution company,Negative Exact,
it service management companies,Negative Exact,
its msp,Negative Exact,
tech it,Negative Exact,
it supports,Negative Exact,
small business it support costs,Negative Exact,
24 7 it services wixom,Negative Exact,
we can do it consulting,Negative Exact,
tech experts monroe mi,Negative Exact,
small business managed services,Negative Exact,
24 hour it support,Negative Exact,
cybersecurity,Negative Phrase,
cyber security insurance,Negative Phrase,
cybersecurity consultant,Negative Phrase,
cybersecurity services,Negative Phrase,
help desk,Negative Phrase,
helpdesk,Negative Phrase,
cloud services,Negative Phrase,
it consulting,Negative Phrase,
it advisors,Negative Phrase,
it security,Negative Phrase,
it for logistics,Negative Phrase,
it for manufacturing,Negative Phrase,
insurance,Negative Broad,
salary,Negative Broad,
training,Negative Broad,
course,Negative Broad,
resume,Negative Broad,
costs,Negative Broad,
price,Negative Broad,
how much,Negative Broad,
vcio,Negative Broad,
logistics,Negative Broad,
manufacturing,Negative Broad,
it help desk interview questions,Negative Broad,
is it permanent,Negative Broad,
stop it get some help download,Negative Broad,
detroit managed service provider,Negative Broad,
hrblock,Negative Broad,
